{"loss": {"train": [0.19614930261695196, 0.0823706312193757, 0.06019154575372499, 0.05325501580678281, 0.04267817821412805, 0.04370027396177489, 0.03723881878550091, 0.03446653398079059, 0.03265230231992309, 0.03214708257407423], "validation": [0.1584143455211933, 0.1574890659405635, 0.15179938765672538, 0.13813526584551886, 0.14523079303594735, 0.1271747791996369, 0.14001309413176316, 0.13199284214239854, 0.13170305811441863, 0.13284357694479135]}, "ssim": {"train": [0.6881672117723495, 0.8940859140638743, 0.9243957559313014, 0.934026734538756, 0.9493977206319688, 0.9468257116898976, 0.956383330170092, 0.9610284329335815, 0.9639624639074069, 0.9647145259091616], "validation": [0.806469653893066, 0.8155575473390111, 0.8225151325244542, 0.8337642487206252, 0.829731714374418, 0.8432943759188174, 0.8344012101879333, 0.8420084027722482, 0.8421270107352683, 0.8412747251102503]}}