{"loss": {"train": [0.20938179781893035, 0.14989331220234786, 0.12577147989512444, 0.1150031633057318, 0.10420088370244106, 0.09443526912655506, 0.08741302489043473, 0.07797868771257101, 0.07254913510321141, 0.06883578479185805], "validation": [0.21854721319557416, 0.1965274199990943, 0.19523945332753775, 0.18783204065691125, 0.16896846654391526, 0.19276604853054086, 0.18063324365285363, 0.18597172569520404, 0.17381432711487949, 0.17522257182857778]}, "ssim": {"train": [0.6609012062089435, 0.7776608345222389, 0.8172920080228796, 0.8312737907825852, 0.8485362593940542, 0.8668447773407805, 0.877611132236274, 0.8927513229082962, 0.9024759666333653, 0.908502688296238], "validation": [0.6042006446310796, 0.764296570398216, 0.7581662382973933, 0.7603421298653847, 0.7749512012781707, 0.7698047356648596, 0.7789031881626374, 0.7822314690080022, 0.7868003169799055, 0.7867495599235902]}}