angles,method,ssim_mean,ssim_std,psnr_mean,psnr_std,mse_mean,mse_std,re_mean,re_std
45,FBP,0.647010013780098,0.03854642298176498,29.179704234505284,1.4926164070502554,0.0012727182528320187,0.00036837028003639877,0.18255001356660044,0.026787960208057387
45,UNet,0.9561371664753019,0.005012141072964569,39.3470686466322,0.9379582406225001,0.00011875747220800045,2.299817641225726e-05,0.056566545130280546,0.008415901127616636
60,FBP,0.7283630582535303,0.035688910722568246,31.00853020554289,1.4739829702474536,0.0008339635567313818,0.00023624353211908523,0.14733439734040416,0.020885836882870882
60,UNet,0.9564388199319168,0.005818663638714995,39.509017022742405,0.9315738399744155,0.00011436532857911149,2.1829453356892074e-05,0.05528554788559949,0.007624832236413625
90,FBP,0.8397675683374434,0.026757669267885493,33.81918351876262,1.4750508484103075,0.00043643332371845646,0.0001221311063331158,0.10630638015653016,0.014927468461867053
90,UNet,0.9560076034761714,0.00550559288638187,39.587995791653974,0.9603761110134981,0.0001124664071517632,2.2315809567589038e-05,0.05467075807831338,0.007679269837091249
180,FBP,0.9369303903083918,0.012385597365861891,36.58621856269487,1.6521047137208902,0.00023329741460259074,6.997481095802216e-05,0.07734188739358468,0.01123497422778711
180,UNet,0.980070951334927,0.003367556860417362,41.893046726145144,1.3610219652982096,6.755944411733134e-05,1.8010391522279514e-05,0.04193383658059876,0.005743341201613596
