angles,method,ssim_mean,ssim_std,psnr_mean,psnr_std,mse_mean,mse_std
45,FBP,0.6784432167671507,0.03913955563406629,30.0801191242463,1.4706200447429634,0.0010328875726981755,0.00029513744074675165
45,UNet,0.9590032629281373,0.004674244737752415,39.830910405616876,0.8656137250972933,0.00010590542511714035,1.901947889464788e-05
60,FBP,0.7595976716881498,0.034388992750034424,32.01702008845245,1.4497176417467494,0.0006600906242031194,0.0001842636669955756
60,UNet,0.9616565596802155,0.005234115688412411,40.295926901907734,0.9158638636842981,9.533474598083836e-05,1.775187848207166e-05
90,FBP,0.866838536495827,0.023375703510341635,35.07842219641449,1.4518113553093626,0.00032603854366182277,8.95054240025977e-05
90,UNet,0.9537202163573799,0.005929392466203159,39.369575103853094,0.9656698833945029,0.00011826167946691349,2.3137139400080084e-05
180,FBP,0.9499798438964634,0.009350888954442816,38.133786577697194,1.6046789829026251,0.00016275861084963898,4.703208715570925e-05
180,UNet,0.9857825534788476,0.0025084655917701126,44.26630214959474,1.3172235457757775,3.9007194372803966e-05,1.0049878629690315e-05
