{"loss": {"train": [0.31243411383305886, 0.20089678923447293, 0.16707588928154266, 0.14495359729248214, 0.13120781324536676, 0.12376620193045453, 0.11852125526661891, 0.11536118984816084, 0.11264168334553441, 0.11113016304385614, 0.10904542606071647, 0.10806005388735775, 0.10694052448191965, 0.10598666654283782, 0.10463680178520689, 0.10373842170039022, 0.10295515299674524, 0.10237548636843959, 0.10190585938345388, 0.10125811424744556, 0.10088183718967247, 0.10025496950068796, 0.10005927721105248, 0.09953429680540267, 0.09923616105104348, 0.09908924664396689, 0.09883517546364036, 0.09879338806606384, 0.09866553227383777, 0.09860131886613321], "validation": [0.3060175363834088, 0.2635757504747464, 0.24185426418597883, 0.21917041620382896, 0.21152274998334739, 0.21150317043066025, 0.21173636386027703, 0.20215471776632163, 0.20984607017957246, 0.21228749706194952, 0.2105915340093466, 0.20803748529690963, 0.20310069505984968, 0.2154981092764781, 0.2089346802005401, 0.20676750173935524, 0.2045945685643416, 0.2053105699328276, 0.20656555203291085, 0.20982256531715393, 0.2082944311774694, 0.2044235892020739, 0.20758804048483187, 0.2072183426756125, 0.20932911852231392, 0.20629397550454506, 0.20621319917532113, 0.20647265590154207, 0.20558597777898496, 0.20607342571020126]}, "ssim": {"train": [0.6295638488108418, 0.7603390865116956, 0.7993929773212904, 0.825349828399035, 0.8415336886725103, 0.8504306989836978, 0.8566419126028084, 0.860395610332489, 0.8636481766681747, 0.8653963963349027, 0.867930708178486, 0.8691038646071081, 0.8703829522626808, 0.8715819773446041, 0.8731406492541036, 0.8741703088065068, 0.8750904297448724, 0.8757969900906324, 0.876370717329808, 0.8772349224622507, 0.8777111398271356, 0.8784222037668722, 0.878658369717845, 0.8792649037334549, 0.8796177501697464, 0.8797796378097686, 0.8800779044390674, 0.8801326832448344, 0.8802844535307105, 0.8803350175044451], "validation": [0.6340542504420648, 0.6770381721166464, 0.7015190583008987, 0.7256394418386313, 0.7321800291538239, 0.7347310437605932, 0.7356302921588604, 0.7440923085579505, 0.7371484041213989, 0.7337024899629446, 0.735138849570201, 0.7371461781171652, 0.7412665371711438, 0.731753619817587, 0.7365478942027459, 0.7387222555967478, 0.7407483504368708, 0.740170283959462, 0.7385828219927274, 0.7366876510473398, 0.7385392785072327, 0.7415192150152646, 0.7386154990929824, 0.7389952471623054, 0.7376132103113028, 0.7400151972587292, 0.7400518541152661, 0.7397150489000174, 0.7405336407514719, 0.7400063643088708]}}