{"loss": {"train": [0.24841559188536913, 0.1484912978819167, 0.12445988241894787, 0.10653857658227602, 0.09723485362126058, 0.09261421313086354, 0.08988913576085254, 0.08691682046153155, 0.08572947616833615, 0.08398389920176738, 0.08263748293497648, 0.08168243919591979, 0.08089998266492707, 0.08046546391400683, 0.07948649303609157, 0.07869952949750945, 0.07849906183096517, 0.07818032338087302, 0.07740200426711505, 0.07735807522834534, 0.07684976717390388, 0.07654162039201098, 0.07627007038707277, 0.07607605468585672, 0.07587630699474023, 0.0757035368764068, 0.07562448194183677, 0.07551114243340207, 0.0754818908306232, 0.07546904662334586], "validation": [0.25180343653147036, 0.23541328482902968, 0.19481760664628103, 0.17776448451555693, 0.18031808275442857, 0.1880753498810988, 0.17092583099236855, 0.1703423009468959, 0.1799679071857379, 0.1804031850053714, 0.18406624748156622, 0.18176090602691358, 0.16726605880718964, 0.17959352697317416, 0.17571629354586968, 0.1732002915098117, 0.17563950041165718, 0.1726661232801584, 0.17512509742608437, 0.18087575126152772, 0.16941775954686678, 0.17409575042816308, 0.1727030873298645, 0.1691484497143672, 0.16830484397136247, 0.17127340802779564, 0.16941222949669912, 0.16831971017213967, 0.17067071795463562, 0.1694394229696347]}, "ssim": {"train": [0.7057843712933984, 0.8238207733488653, 0.8516275671373801, 0.8727764791226482, 0.8837978305569683, 0.8893014686516082, 0.8924283052820609, 0.8958905199134493, 0.8973263632728758, 0.8993772579379291, 0.9009745512825559, 0.9021202741391156, 0.9030542722736222, 0.9036549821317909, 0.9047128194831757, 0.905648555651129, 0.9059461374206846, 0.9063016446938078, 0.9072187507295039, 0.907274774821156, 0.9078513709197481, 0.9082353599517944, 0.9085491841057857, 0.9088123162904108, 0.9090344912977333, 0.9092134697978715, 0.9093117792292895, 0.9094295306984647, 0.9094791732936266, 0.9095097108191228], "validation": [0.6916134059429169, 0.7128345874639658, 0.7539500846312597, 0.7722027851985052, 0.7700900595921737, 0.763901194700828, 0.7797841246311481, 0.7799874658767993, 0.7711245990716494, 0.7707506876725417, 0.7681577022259052, 0.7697484011833484, 0.7836314462698423, 0.7722149743483617, 0.7765987263276026, 0.7779433704339541, 0.7755655325376071, 0.7790844600934249, 0.7767985119269445, 0.7713641547239743, 0.782755230481808, 0.777795108465048, 0.7791327719505017, 0.782310948922084, 0.7828209216778095, 0.7799443442087907, 0.7819768740580633, 0.7831398432071393, 0.7808841398129096, 0.7820588946342468]}}