{"loss": {"train": [0.23792407921855413, 0.12392684781835192, 0.10370615012352428, 0.09149863044657404, 0.08200825206817143, 0.07786489822088725, 0.07205347362018767, 0.06660881502524255, 0.06697771671627249, 0.06462937339194237], "validation": [0.1955514229260958, 0.19652212812350348, 0.17391596734523773, 0.1884626975426307, 0.16213562052983505, 0.19596678133194262, 0.1714532719208644, 0.1802689627959178, 0.19519076782923478, 0.18034681448569664]}, "ssim": {"train": [0.6164529523815563, 0.8369971061888595, 0.8679116335570182, 0.8847548993412003, 0.8977346475387757, 0.9020079270479703, 0.910219691846914, 0.9177077727753459, 0.9170585077272772, 0.9202631264533434], "validation": [0.756178471046797, 0.7634511576944747, 0.7819872391838545, 0.7754898304475195, 0.7940929746335824, 0.7700674344869796, 0.7900385762451289, 0.7844919189327823, 0.7727553764172842, 0.7855365457383395]}}